condition,trait,marker,n_low,n_high,pct_low,pct_high,diff_pp
continuous,Openness,sources,5760,5760,25.49,29.81,4.32
continuous,Openness,first,5760,5760,19.1,12.67,-6.42
continuous,Openness,emotional,5760,5760,1.77,1.02,-0.75
continuous,Conscientiousness,sources,5760,5715,23.85,30.32,6.47
continuous,Conscientiousness,first,5760,5715,20.23,12.88,-7.35
continuous,Conscientiousness,emotional,5760,5715,1.68,1.1,-0.58
continuous,Extraversion,sources,5805,5670,26.86,28.54,1.68
continuous,Extraversion,first,5805,5670,17.61,14.39,-3.21
continuous,Extraversion,emotional,5805,5670,1.31,1.48,0.17
continuous,Agreeableness,sources,5760,5715,25.61,28.68,3.07
continuous,Agreeableness,first,5760,5715,14.39,18.25,3.86
continuous,Agreeableness,emotional,5760,5715,1.46,1.56,0.1
continuous,Neuroticism,sources,5715,5715,28.07,26.21,-1.85
continuous,Neuroticism,first,5715,5715,14.38,18.57,4.18
continuous,Neuroticism,emotional,5715,5715,0.49,2.52,2.03
poles,Openness,sources,6750,6750,26.99,29.24,2.25
poles,Openness,first,6750,6750,19.79,12.73,-7.07
poles,Openness,emotional,6750,6750,2.55,1.99,-0.56
poles,Conscientiousness,sources,6750,6750,24.58,31.66,7.08
poles,Conscientiousness,first,6750,6750,20.18,12.34,-7.84
poles,Conscientiousness,emotional,6750,6750,3.05,1.48,-1.57
poles,Extraversion,sources,6750,6750,28.49,27.75,-0.74
poles,Extraversion,first,6750,6750,17.3,15.21,-2.09
poles,Extraversion,emotional,6750,6750,2.47,2.06,-0.41
poles,Agreeableness,sources,6750,6750,28.0,28.24,0.24
poles,Agreeableness,first,6750,6750,11.41,21.11,9.7
poles,Agreeableness,emotional,6750,6750,1.63,2.9,1.27
poles,Neuroticism,sources,6750,6750,30.41,25.82,-4.59
poles,Neuroticism,first,6750,6750,11.72,20.8,9.08
poles,Neuroticism,emotional,6750,6750,0.44,4.09,3.64
