config,seed,condition,scorer,bin,share_toxic
cont,199723,induced,Detoxify,0,0.0
cont,199723,induced,Detoxify,1,0.0
cont,199723,induced,Detoxify,2,0.05
cont,199723,induced,Detoxify,3,0.0
cont,199723,induced,Detoxify,4,0.05
cont,199723,induced,Detoxify,5,0.05
cont,199723,induced,Detoxify,6,0.05
cont,199723,induced,Detoxify,7,0.1
cont,199723,induced,Detoxify,8,0.05
cont,199723,induced,Detoxify,9,0.0
cont,199723,induced,giudice,0,0.0
cont,199723,induced,giudice,1,0.0
cont,199723,induced,giudice,2,0.1
cont,199723,induced,giudice,3,0.05
cont,199723,induced,giudice,4,0.05
cont,199723,induced,giudice,5,0.1
cont,199723,induced,giudice,6,0.05
cont,199723,induced,giudice,7,0.1
cont,199723,induced,giudice,8,0.1
cont,199723,induced,giudice,9,0.10526315789473684
cont,199723,noinduced,Detoxify,0,0.0
cont,199723,noinduced,Detoxify,1,0.0
cont,199723,noinduced,Detoxify,2,0.1
cont,199723,noinduced,Detoxify,3,0.05
cont,199723,noinduced,Detoxify,4,0.0
cont,199723,noinduced,Detoxify,5,0.1
cont,199723,noinduced,Detoxify,6,0.0
cont,199723,noinduced,Detoxify,7,0.1
cont,199723,noinduced,Detoxify,8,0.15
cont,199723,noinduced,Detoxify,9,0.05
cont,199723,noinduced,giudice,0,0.0
cont,199723,noinduced,giudice,1,0.0
cont,199723,noinduced,giudice,2,0.05
cont,199723,noinduced,giudice,3,0.0
cont,199723,noinduced,giudice,4,0.1
cont,199723,noinduced,giudice,5,0.1
cont,199723,noinduced,giudice,6,0.0
cont,199723,noinduced,giudice,7,0.15
cont,199723,noinduced,giudice,8,0.1
cont,199723,noinduced,giudice,9,0.15
cont,886078,induced,Detoxify,0,0.0
cont,886078,induced,Detoxify,1,0.05
cont,886078,induced,Detoxify,2,0.05
cont,886078,induced,Detoxify,3,0.1
cont,886078,induced,Detoxify,4,0.05
cont,886078,induced,Detoxify,5,0.05
cont,886078,induced,Detoxify,6,0.1
cont,886078,induced,Detoxify,7,0.0
cont,886078,induced,Detoxify,8,0.05
cont,886078,induced,Detoxify,9,0.0
cont,886078,induced,giudice,0,0.0
cont,886078,induced,giudice,1,0.05263157894736842
cont,886078,induced,giudice,2,0.05
cont,886078,induced,giudice,3,0.05
cont,886078,induced,giudice,4,0.15
cont,886078,induced,giudice,5,0.1
cont,886078,induced,giudice,6,0.15
cont,886078,induced,giudice,7,0.2
cont,886078,induced,giudice,8,0.05
cont,886078,induced,giudice,9,0.15
cont,886078,noinduced,Detoxify,0,0.0
cont,886078,noinduced,Detoxify,1,0.1
cont,886078,noinduced,Detoxify,2,0.0
cont,886078,noinduced,Detoxify,3,0.0
cont,886078,noinduced,Detoxify,4,0.05
cont,886078,noinduced,Detoxify,5,0.0
cont,886078,noinduced,Detoxify,6,0.1
cont,886078,noinduced,Detoxify,7,0.0
cont,886078,noinduced,Detoxify,8,0.0
cont,886078,noinduced,Detoxify,9,0.0
cont,886078,noinduced,giudice,0,0.0
cont,886078,noinduced,giudice,1,0.1
cont,886078,noinduced,giudice,2,0.0
cont,886078,noinduced,giudice,3,0.0
cont,886078,noinduced,giudice,4,0.05
cont,886078,noinduced,giudice,5,0.0
cont,886078,noinduced,giudice,6,0.0
cont,886078,noinduced,giudice,7,0.1
cont,886078,noinduced,giudice,8,0.05
cont,886078,noinduced,giudice,9,0.05
cont,986795,induced,Detoxify,0,0.05
cont,986795,induced,Detoxify,1,0.0
cont,986795,induced,Detoxify,2,0.0
cont,986795,induced,Detoxify,3,0.0
cont,986795,induced,Detoxify,4,0.0
cont,986795,induced,Detoxify,5,0.1
cont,986795,induced,Detoxify,6,0.05
cont,986795,induced,Detoxify,7,0.0
cont,986795,induced,Detoxify,8,0.0
cont,986795,induced,Detoxify,9,0.05
cont,986795,induced,giudice,0,0.0
cont,986795,induced,giudice,1,0.05
cont,986795,induced,giudice,2,0.0
cont,986795,induced,giudice,3,0.2
cont,986795,induced,giudice,4,0.05
cont,986795,induced,giudice,5,0.15789473684210525
cont,986795,induced,giudice,6,0.1
cont,986795,induced,giudice,7,0.0
cont,986795,induced,giudice,8,0.05
cont,986795,induced,giudice,9,0.1
cont,986795,noinduced,Detoxify,0,0.0
cont,986795,noinduced,Detoxify,1,0.0
cont,986795,noinduced,Detoxify,2,0.05
cont,986795,noinduced,Detoxify,3,0.0
cont,986795,noinduced,Detoxify,4,0.0
cont,986795,noinduced,Detoxify,5,0.0
cont,986795,noinduced,Detoxify,6,0.0
cont,986795,noinduced,Detoxify,7,0.0
cont,986795,noinduced,Detoxify,8,0.0
cont,986795,noinduced,Detoxify,9,0.0
cont,986795,noinduced,giudice,0,0.0
cont,986795,noinduced,giudice,1,0.0
cont,986795,noinduced,giudice,2,0.0
cont,986795,noinduced,giudice,3,0.1
cont,986795,noinduced,giudice,4,0.0
cont,986795,noinduced,giudice,5,0.0
cont,986795,noinduced,giudice,6,0.0
cont,986795,noinduced,giudice,7,0.0
cont,986795,noinduced,giudice,8,0.05
cont,986795,noinduced,giudice,9,0.05
grid,369744,induced,Detoxify,0,0.125
grid,369744,induced,Detoxify,1,0.109375
grid,369744,induced,Detoxify,2,0.140625
grid,369744,induced,Detoxify,3,0.203125
grid,369744,induced,Detoxify,4,0.109375
grid,369744,induced,Detoxify,5,0.15625
grid,369744,induced,Detoxify,6,0.09375
grid,369744,induced,Detoxify,7,0.140625
grid,369744,induced,Detoxify,8,0.171875
grid,369744,induced,Detoxify,9,0.140625
grid,369744,induced,giudice,0,0.140625
grid,369744,induced,giudice,1,0.15625
grid,369744,induced,giudice,2,0.15625
grid,369744,induced,giudice,3,0.171875
grid,369744,induced,giudice,4,0.171875
grid,369744,induced,giudice,5,0.203125
grid,369744,induced,giudice,6,0.140625
grid,369744,induced,giudice,7,0.25396825396825395
grid,369744,induced,giudice,8,0.171875
grid,369744,induced,giudice,9,0.171875
grid,369744,noinduced,Detoxify,0,0.078125
grid,369744,noinduced,Detoxify,1,0.0625
grid,369744,noinduced,Detoxify,2,0.078125
grid,369744,noinduced,Detoxify,3,0.09375
grid,369744,noinduced,Detoxify,4,0.109375
grid,369744,noinduced,Detoxify,5,0.109375
grid,369744,noinduced,Detoxify,6,0.078125
grid,369744,noinduced,Detoxify,7,0.0625
grid,369744,noinduced,Detoxify,8,0.125
grid,369744,noinduced,Detoxify,9,0.078125
grid,369744,noinduced,giudice,0,0.125
grid,369744,noinduced,giudice,1,0.09375
grid,369744,noinduced,giudice,2,0.1746031746031746
grid,369744,noinduced,giudice,3,0.15625
grid,369744,noinduced,giudice,4,0.1875
grid,369744,noinduced,giudice,5,0.125
grid,369744,noinduced,giudice,6,0.125
grid,369744,noinduced,giudice,7,0.140625
grid,369744,noinduced,giudice,8,0.15625
grid,369744,noinduced,giudice,9,0.125
grid,616294,induced,Detoxify,0,0.109375
grid,616294,induced,Detoxify,1,0.140625
grid,616294,induced,Detoxify,2,0.203125
grid,616294,induced,Detoxify,3,0.109375
grid,616294,induced,Detoxify,4,0.140625
grid,616294,induced,Detoxify,5,0.109375
grid,616294,induced,Detoxify,6,0.125
grid,616294,induced,Detoxify,7,0.25
grid,616294,induced,Detoxify,8,0.109375
grid,616294,induced,Detoxify,9,0.140625
grid,616294,induced,giudice,0,0.140625
grid,616294,induced,giudice,1,0.171875
grid,616294,induced,giudice,2,0.19047619047619047
grid,616294,induced,giudice,3,0.15625
grid,616294,induced,giudice,4,0.15625
grid,616294,induced,giudice,5,0.171875
grid,616294,induced,giudice,6,0.171875
grid,616294,induced,giudice,7,0.296875
grid,616294,induced,giudice,8,0.140625
grid,616294,induced,giudice,9,0.1875
grid,616294,noinduced,Detoxify,0,0.0625
grid,616294,noinduced,Detoxify,1,0.09375
grid,616294,noinduced,Detoxify,2,0.109375
grid,616294,noinduced,Detoxify,3,0.09375
grid,616294,noinduced,Detoxify,4,0.0625
grid,616294,noinduced,Detoxify,5,0.140625
grid,616294,noinduced,Detoxify,6,0.09375
grid,616294,noinduced,Detoxify,7,0.125
grid,616294,noinduced,Detoxify,8,0.0625
grid,616294,noinduced,Detoxify,9,0.09375
grid,616294,noinduced,giudice,0,0.09375
grid,616294,noinduced,giudice,1,0.09375
grid,616294,noinduced,giudice,2,0.1875
grid,616294,noinduced,giudice,3,0.125
grid,616294,noinduced,giudice,4,0.125
grid,616294,noinduced,giudice,5,0.125
grid,616294,noinduced,giudice,6,0.15625
grid,616294,noinduced,giudice,7,0.171875
grid,616294,noinduced,giudice,8,0.125
grid,616294,noinduced,giudice,9,0.140625
grid,782497,induced,Detoxify,0,0.03125
grid,782497,induced,Detoxify,1,0.109375
grid,782497,induced,Detoxify,2,0.09375
grid,782497,induced,Detoxify,3,0.078125
grid,782497,induced,Detoxify,4,0.09523809523809523
grid,782497,induced,Detoxify,5,0.078125
grid,782497,induced,Detoxify,6,0.078125
grid,782497,induced,Detoxify,7,0.15625
grid,782497,induced,Detoxify,8,0.125
grid,782497,induced,Detoxify,9,0.14285714285714285
grid,782497,induced,giudice,0,0.125
grid,782497,induced,giudice,1,0.15625
grid,782497,induced,giudice,2,0.125
grid,782497,induced,giudice,3,0.109375
grid,782497,induced,giudice,4,0.09523809523809523
grid,782497,induced,giudice,5,0.140625
grid,782497,induced,giudice,6,0.15625
grid,782497,induced,giudice,7,0.171875
grid,782497,induced,giudice,8,0.234375
grid,782497,induced,giudice,9,0.16129032258064516
grid,782497,noinduced,Detoxify,0,0.03125
grid,782497,noinduced,Detoxify,1,0.078125
grid,782497,noinduced,Detoxify,2,0.09375
grid,782497,noinduced,Detoxify,3,0.03125
grid,782497,noinduced,Detoxify,4,0.125
grid,782497,noinduced,Detoxify,5,0.046875
grid,782497,noinduced,Detoxify,6,0.109375
grid,782497,noinduced,Detoxify,7,0.109375
grid,782497,noinduced,Detoxify,8,0.046875
grid,782497,noinduced,Detoxify,9,0.09375
grid,782497,noinduced,giudice,0,0.0625
grid,782497,noinduced,giudice,1,0.09375
grid,782497,noinduced,giudice,2,0.125
grid,782497,noinduced,giudice,3,0.0625
grid,782497,noinduced,giudice,4,0.171875
grid,782497,noinduced,giudice,5,0.078125
grid,782497,noinduced,giudice,6,0.15625
grid,782497,noinduced,giudice,7,0.15625
grid,782497,noinduced,giudice,8,0.09375
grid,782497,noinduced,giudice,9,0.12698412698412698
single,478663,induced,Detoxify,0,0.0
single,478663,induced,Detoxify,1,0.05
single,478663,induced,Detoxify,2,0.05
single,478663,induced,Detoxify,3,0.05
single,478663,induced,Detoxify,4,0.0
single,478663,induced,Detoxify,5,0.0
single,478663,induced,Detoxify,6,0.05
single,478663,induced,Detoxify,7,0.0
single,478663,induced,Detoxify,8,0.1
single,478663,induced,Detoxify,9,0.0
single,478663,induced,giudice,0,0.05
single,478663,induced,giudice,1,0.0
single,478663,induced,giudice,2,0.05
single,478663,induced,giudice,3,0.05
single,478663,induced,giudice,4,0.0
single,478663,induced,giudice,5,0.1
single,478663,induced,giudice,6,0.1
single,478663,induced,giudice,7,0.05
single,478663,induced,giudice,8,0.1
single,478663,induced,giudice,9,0.0
single,478663,noinduced,Detoxify,0,0.05
single,478663,noinduced,Detoxify,1,0.0
single,478663,noinduced,Detoxify,2,0.0
single,478663,noinduced,Detoxify,3,0.0
single,478663,noinduced,Detoxify,4,0.0
single,478663,noinduced,Detoxify,5,0.05
single,478663,noinduced,Detoxify,6,0.0
single,478663,noinduced,Detoxify,7,0.0
single,478663,noinduced,Detoxify,8,0.0
single,478663,noinduced,Detoxify,9,0.05
single,478663,noinduced,giudice,0,0.05
single,478663,noinduced,giudice,1,0.0
single,478663,noinduced,giudice,2,0.0
single,478663,noinduced,giudice,3,0.0
single,478663,noinduced,giudice,4,0.0
single,478663,noinduced,giudice,5,0.0
single,478663,noinduced,giudice,6,0.0
single,478663,noinduced,giudice,7,0.0
single,478663,noinduced,giudice,8,0.0
single,478663,noinduced,giudice,9,0.0
single,540295,induced,Detoxify,0,0.0
single,540295,induced,Detoxify,1,0.0
single,540295,induced,Detoxify,2,0.05
single,540295,induced,Detoxify,3,0.0
single,540295,induced,Detoxify,4,0.0
single,540295,induced,Detoxify,5,0.0
single,540295,induced,Detoxify,6,0.0
single,540295,induced,Detoxify,7,0.0
single,540295,induced,Detoxify,8,0.0
single,540295,induced,Detoxify,9,0.0
single,540295,induced,giudice,0,0.0
single,540295,induced,giudice,1,0.05
single,540295,induced,giudice,2,0.05
single,540295,induced,giudice,3,0.0
single,540295,induced,giudice,4,0.0
single,540295,induced,giudice,5,0.0
single,540295,induced,giudice,6,0.0
single,540295,induced,giudice,7,0.0
single,540295,induced,giudice,8,0.0
single,540295,induced,giudice,9,0.0
single,540295,noinduced,Detoxify,0,0.05
single,540295,noinduced,Detoxify,1,0.0
single,540295,noinduced,Detoxify,2,0.0
single,540295,noinduced,Detoxify,3,0.0
single,540295,noinduced,Detoxify,4,0.0
single,540295,noinduced,Detoxify,5,0.0
single,540295,noinduced,Detoxify,6,0.05
single,540295,noinduced,Detoxify,7,0.0
single,540295,noinduced,Detoxify,8,0.0
single,540295,noinduced,Detoxify,9,0.0
single,540295,noinduced,giudice,0,0.0
single,540295,noinduced,giudice,1,0.05
single,540295,noinduced,giudice,2,0.0
single,540295,noinduced,giudice,3,0.0
single,540295,noinduced,giudice,4,0.05
single,540295,noinduced,giudice,5,0.0
single,540295,noinduced,giudice,6,0.0
single,540295,noinduced,giudice,7,0.0
single,540295,noinduced,giudice,8,0.0
single,540295,noinduced,giudice,9,0.05
single,791328,induced,Detoxify,0,0.0
single,791328,induced,Detoxify,1,0.0
single,791328,induced,Detoxify,2,0.05
single,791328,induced,Detoxify,3,0.0
single,791328,induced,Detoxify,4,0.0
single,791328,induced,Detoxify,5,0.0
single,791328,induced,Detoxify,6,0.0
single,791328,induced,Detoxify,7,0.05
single,791328,induced,Detoxify,8,0.0
single,791328,induced,Detoxify,9,0.0
single,791328,induced,giudice,0,0.0
single,791328,induced,giudice,1,0.0
single,791328,induced,giudice,2,0.0
single,791328,induced,giudice,3,0.0
single,791328,induced,giudice,4,0.05
single,791328,induced,giudice,5,0.0
single,791328,induced,giudice,6,0.05
single,791328,induced,giudice,7,0.05
single,791328,induced,giudice,8,0.0
single,791328,induced,giudice,9,0.05263157894736842
single,791328,noinduced,Detoxify,0,0.0
single,791328,noinduced,Detoxify,1,0.0
single,791328,noinduced,Detoxify,2,0.0
single,791328,noinduced,Detoxify,3,0.05
single,791328,noinduced,Detoxify,4,0.0
single,791328,noinduced,Detoxify,5,0.0
single,791328,noinduced,Detoxify,6,0.05
single,791328,noinduced,Detoxify,7,0.0
single,791328,noinduced,Detoxify,8,0.05
single,791328,noinduced,Detoxify,9,0.0
single,791328,noinduced,giudice,0,0.05
single,791328,noinduced,giudice,1,0.05
single,791328,noinduced,giudice,2,0.0
single,791328,noinduced,giudice,3,0.0
single,791328,noinduced,giudice,4,0.05
single,791328,noinduced,giudice,5,0.0
single,791328,noinduced,giudice,6,0.05
single,791328,noinduced,giudice,7,0.0
single,791328,noinduced,giudice,8,0.0
single,791328,noinduced,giudice,9,0.0
