variant,seed,k,sig_raw,sig_holm
100A-NR,S12,25,8,3
100A-NR,S42,25,5,3
100A-NR,S73,25,7,2
100A-NR,TOTAL,75,20,8
100A-NR-NEW,S12,25,11,4
100A-NR-NEW,S42,25,7,1
100A-NR-NEW,S73,25,9,4
100A-NR-NEW,TOTAL,75,27,9
100A-NR-NEW-orig,S12,25,12,4
100A-NR-NEW-orig,S42,25,7,1
100A-NR-NEW-orig,S73,25,8,4
100A-NR-NEW-orig,TOTAL,75,27,9
100A-NR-POLES,S12,25,9,6
100A-NR-POLES,S42,25,12,4
100A-NR-POLES,S73,25,14,4
100A-NR-POLES,TOTAL,75,35,14
100A-NR-POLES-orig,S12,25,10,4
100A-NR-POLES-orig,S42,25,9,5
100A-NR-POLES-orig,S73,25,10,4
100A-NR-POLES-orig,TOTAL,75,29,13
100A-NR-orig,S12,25,9,3
100A-NR-orig,S42,25,6,4
100A-NR-orig,S73,25,9,2
100A-NR-orig,TOTAL,75,24,9
