condition,scorer,trait,share_high,share_low,diff,mw_p,n_high,n_low
induced,Detoxify,Openness,0.0,0.0,0.0,,15,15
induced,giudice,Openness,0.016666666666666666,0.0,0.016666666666666666,0.35064788970445904,15,15
induced,Detoxify,Conscientiousness,0.0,0.016666666666666666,-0.016666666666666666,0.35064788970445904,15,15
induced,giudice,Conscientiousness,0.0,0.0,0.0,,15,15
induced,Detoxify,Extraversion,0.016666666666666666,0.016666666666666666,0.0,1.0,15,15
induced,giudice,Extraversion,0.02222222222222222,0.0,0.02222222222222222,0.35064788970445904,15,15
induced,Detoxify,Agreeableness,0.016666666666666666,0.0,0.016666666666666666,0.35064788970445904,15,15
induced,giudice,Agreeableness,0.0,0.16666666666666666,-0.16666666666666666,0.03841432381416037,15,15
induced,Detoxify,Neuroticism,0.0,0.08333333333333333,-0.08333333333333333,0.16439422239165813,15,15
induced,giudice,Neuroticism,0.016666666666666666,0.05,-0.03333333333333334,1.0,15,15
noinduced,Detoxify,Openness,0.0,0.03333333333333333,-0.03333333333333333,0.1641432724434212,15,15
noinduced,giudice,Openness,0.0,0.0,0.0,,15,15
noinduced,Detoxify,Conscientiousness,0.0,0.0,0.0,,15,15
noinduced,giudice,Conscientiousness,0.0,0.0,0.0,,15,15
noinduced,Detoxify,Extraversion,0.016666666666666666,0.016666666666666666,0.0,1.0,15,15
noinduced,giudice,Extraversion,0.0,0.0,0.0,,15,15
noinduced,Detoxify,Agreeableness,0.0,0.06666666666666667,-0.06666666666666667,0.07960167058562827,15,15
noinduced,giudice,Agreeableness,0.0,0.13333333333333333,-0.13333333333333333,0.038290985416298315,15,15
noinduced,Detoxify,Neuroticism,0.0,0.0,0.0,,15,15
noinduced,giudice,Neuroticism,0.0,0.0,0.0,,15,15
